{
"lengthUnit": "mil",
"components": {
	"fields": ["COMPONENT_NO", "COMPONENT_NAME", "LAYER", "X_COORDINATE", "Y_COORDINATE", "ANGLE"],
	"rows": [
		[1, "5V", "T", 1550, -2440, 180],
		[2, "U1", "T", 2176.28, -1060, 270],
		[3, "U2", "T", 2355, -2060, 0],
		[4, "U3", "T", 305, -950, 0],
		[5, "U4", "T", 1925, -2085, 90],
		[6, "U5", "T", 3525, -1200, 270]
	]
},
"pins": {
	"fields": ["PIN_NO", "PIN_NAME", "PIN_X", "PIN_Y", "LAYER", "PIN_TYPE", "NET_NAME", "NET_TYPE", "PAD_SHAPE", "PAD_SIZEX", "PAD_SIZEY", "HOLE_SIZE", "PAD_ANGLE"],
	"rows": [
		[1, "5V_1", 1354.8, -2248.11, "T", "DIP", "5V", "", "R", 39.37, 39.37, 25.59, 180],
		[2, "5V_1", 1354.8, -2248.11, "B", "DIP", "5V", "", "R", 39.37, 39.37, 25.59, 180],
		[3, "5V_2", 1354.8, -2198.11, "T", "DIP", "5V", "", "C", 39.37, 39.37, 25.59, 180],
		[4, "5V_2", 1354.8, -2198.11, "B", "DIP", "5V", "", "C", 39.37, 39.37, 25.59, 180],
		[5, "5V_3", 1304.8, -2248.11, "T", "DIP", "GND", "GND", "C", 39.37, 39.37, 25.59, 180],
		[6, "5V_3", 1304.8, -2248.11, "B", "DIP", "GND", "GND", "C", 39.37, 39.37, 25.59, 180],
		[7, "5V_4", 1304.8, -2198.11, "T", "DIP", "GND", "GND", "C", 39.37, 39.37, 25.59, 180],
		[8, "5V_4", 1304.8, -2198.11, "B", "DIP", "GND", "GND", "C", 39.37, 39.37, 25.59, 180],
		[9, "5V_5", 1254.8, -2248.11, "T", "DIP", "5V_5", "", "C", 39.37, 39.37, 25.59, 180],
		[10, "5V_5", 1254.8, -2248.11, "B", "DIP", "5V_5", "", "C", 39.37, 39.37, 25.59, 180],
		[11, "5V_6", 1254.8, -2198.11, "T", "DIP", "5V_6", "", "C", 39.37, 39.37, 25.59, 180],
		[12, "5V_6", 1254.8, -2198.11, "B", "DIP", "5V_6", "", "C", 39.37, 39.37, 25.59, 180],
		[13, "5V_7", 1204.8, -2248.11, "T", "DIP", "5V_7", "", "C", 39.37, 39.37, 25.59, 180],
		[14, "5V_7", 1204.8, -2248.11, "B", "DIP", "5V_7", "", "C", 39.37, 39.37, 25.59, 180],
		[15, "5V_8", 1204.8, -2198.11, "T", "DIP", "5V_8", "", "C", 39.37, 39.37, 25.59, 180],
		[16, "5V_8", 1204.8, -2198.11, "B", "DIP", "5V_8", "", "C", 39.37, 39.37, 25.59, 180],
		[17, "5V_9", 1154.8, -2248.11, "T", "DIP", "D4", "", "C", 39.37, 39.37, 25.59, 180],
		[18, "5V_9", 1154.8, -2248.11, "B", "DIP", "D4", "", "C", 39.37, 39.37, 25.59, 180],
		[19, "5V_10", 1154.8, -2198.11, "T", "DIP", "5V_10", "", "C", 39.37, 39.37, 25.59, 180],
		[20, "5V_10", 1154.8, -2198.11, "B", "DIP", "5V_10", "", "C", 39.37, 39.37, 25.59, 180],
		[21, "U1_1", 2062.5, -1119.06, "T", "DIP", "GND", "GND", "R", 60, 60, 36, 270],
		[22, "U1_1", 2062.5, -1119.06, "B", "DIP", "GND", "GND", "R", 60, 60, 36, 270],
		[23, "U1_2", 1962.5, -1119.06, "T", "DIP", "5V", "", "C", 60, 60, 36, 270],
		[24, "U1_2", 1962.5, -1119.06, "B", "DIP", "5V", "", "C", 60, 60, 36, 270],
		[25, "U1_3", 1862.5, -1119.06, "T", "DIP", "SCL", "", "C", 60, 60, 36, 270],
		[26, "U1_3", 1862.5, -1119.06, "B", "DIP", "SCL", "", "C", 60, 60, 36, 270],
		[27, "U1_4", 1762.5, -1119.06, "T", "DIP", "SDA", "", "C", 60, 60, 36, 270],
		[28, "U1_4", 1762.5, -1119.06, "B", "DIP", "SDA", "", "C", 60, 60, 36, 270],
		[29, "U2_1", 2355, -1360, "T", "DIP", "U2_1", "", "O", 78.74, 59.05, 35.43, 0],
		[30, "U2_1", 2355, -1360, "B", "DIP", "U2_1", "", "O", 78.74, 59.05, 35.43, 0],
		[31, "U2_2", 2355, -1460, "T", "DIP", "U2_2", "", "O", 78.74, 59.05, 35.43, 0],
		[32, "U2_2", 2355, -1460, "B", "DIP", "U2_2", "", "O", 78.74, 59.05, 35.43, 0],
		[33, "U2_3", 2355, -1560, "T", "DIP", "D0", "", "O", 78.74, 59.05, 35.43, 0],
		[34, "U2_3", 2355, -1560, "B", "DIP", "D0", "", "O", 78.74, 59.05, 35.43, 0],
		[35, "U2_4", 2355, -1660, "T", "DIP", "U2_4", "", "O", 78.74, 59.05, 35.43, 0],
		[36, "U2_4", 2355, -1660, "B", "DIP", "U2_4", "", "O", 78.74, 59.05, 35.43, 0],
		[37, "U2_5", 2355, -1760, "T", "DIP", "U2_5", "", "O", 78.74, 59.05, 35.43, 0],
		[38, "U2_5", 2355, -1760, "B", "DIP", "U2_5", "", "O", 78.74, 59.05, 35.43, 0],
		[39, "U2_6", 2355, -1860, "T", "DIP", "U2_6", "", "O", 78.74, 59.05, 35.43, 0],
		[40, "U2_6", 2355, -1860, "B", "DIP", "U2_6", "", "O", 78.74, 59.05, 35.43, 0],
		[41, "U2_7", 2355, -1960, "T", "DIP", "U2_7", "", "O", 78.74, 59.05, 35.43, 0],
		[42, "U2_7", 2355, -1960, "B", "DIP", "U2_7", "", "O", 78.74, 59.05, 35.43, 0],
		[43, "U2_8", 2355, -2060, "T", "DIP", "U2_8", "", "O", 78.74, 59.05, 35.43, 0],
		[44, "U2_8", 2355, -2060, "B", "DIP", "U2_8", "", "O", 78.74, 59.05, 35.43, 0],
		[45, "U2_9", 3255, -2060, "T", "DIP", "5V", "", "O", 78.74, 59.05, 35.43, 0],
		[46, "U2_9", 3255, -2060, "B", "DIP", "5V", "", "O", 78.74, 59.05, 35.43, 0],
		[47, "U2_10", 3255, -1960, "T", "DIP", "GND", "GND", "O", 78.74, 59.05, 35.43, 0],
		[48, "U2_10", 3255, -1960, "B", "DIP", "GND", "GND", "O", 78.74, 59.05, 35.43, 0],
		[49, "U2_11", 3255, -1860, "T", "DIP", "D4", "", "O", 78.74, 59.05, 35.43, 0],
		[50, "U2_11", 3255, -1860, "B", "DIP", "D4", "", "O", 78.74, 59.05, 35.43, 0],
		[51, "U2_12", 3255, -1760, "T", "DIP", "U2_12", "", "O", 78.74, 59.05, 35.43, 0],
		[52, "U2_12", 3255, -1760, "B", "DIP", "U2_12", "", "O", 78.74, 59.05, 35.43, 0],
		[53, "U2_13", 3255, -1660, "T", "DIP", "SDA", "", "O", 78.74, 59.05, 35.43, 0],
		[54, "U2_13", 3255, -1660, "B", "DIP", "SDA", "", "O", 78.74, 59.05, 35.43, 0],
		[55, "U2_14", 3255, -1560, "T", "DIP", "SCL", "", "O", 78.74, 59.05, 35.43, 0],
		[56, "U2_14", 3255, -1560, "B", "DIP", "SCL", "", "O", 78.74, 59.05, 35.43, 0],
		[57, "U2_15", 3255, -1460, "T", "DIP", "U2_15", "", "O", 78.74, 59.05, 35.43, 0],
		[58, "U2_15", 3255, -1460, "B", "DIP", "U2_15", "", "O", 78.74, 59.05, 35.43, 0],
		[59, "U2_16", 3255, -1360, "T", "DIP", "U2_16", "", "O", 78.74, 59.05, 35.43, 0],
		[60, "U2_16", 3255, -1360, "B", "DIP", "U2_16", "", "O", 78.74, 59.05, 35.43, 0],
		[61, "U3_1", 3257.76, -526.77, "T", "DIP", "$1N19", "", "C", 157.48, 157.48, 98.63, 0],
		[62, "U3_1", 3257.76, -526.77, "B", "DIP", "$1N19", "", "C", 157.48, 157.48, 98.63, 0],
		[63, "U3_2", 405, -526.77, "T", "DIP", "$1N20", "", "C", 157.48, 157.48, 98.63, 0],
		[64, "U3_2", 405, -526.77, "B", "DIP", "$1N20", "", "C", 157.48, 157.48, 98.63, 0],
		[65, "U4_1", 1725, -2085, "T", "DIP", "GND", "GND", "C", 62.99, 62.99, 35.43, 90],
		[66, "U4_1", 1725, -2085, "B", "DIP", "GND", "GND", "C", 62.99, 62.99, 35.43, 90],
		[67, "U4_2", 1825, -2085, "T", "DIP", "5V", "", "C", 62.99, 62.99, 35.43, 90],
		[68, "U4_2", 1825, -2085, "B", "DIP", "5V", "", "C", 62.99, 62.99, 35.43, 90],
		[69, "U4_3", 1925, -2085, "T", "DIP", "SDA", "", "C", 62.99, 62.99, 35.43, 90],
		[70, "U4_3", 1925, -2085, "B", "DIP", "SDA", "", "C", 62.99, 62.99, 35.43, 90],
		[71, "U4_4", 2025, -2085, "T", "DIP", "SCL", "", "C", 62.99, 62.99, 35.43, 90],
		[72, "U4_4", 2025, -2085, "B", "DIP", "SCL", "", "C", 62.99, 62.99, 35.43, 90],
		[73, "U4_5", 2125, -2085, "T", "DIP", "D0", "", "C", 62.99, 62.99, 35.43, 90],
		[74, "U4_5", 2125, -2085, "B", "DIP", "D0", "", "C", 62.99, 62.99, 35.43, 90],
		[75, "U5_GND", 3525, -1250, "T", "DIP", "$1N20", "", "C", 60, 60, 36, 270],
		[76, "U5_GND", 3525, -1250, "B", "DIP", "$1N20", "", "C", 60, 60, 36, 270],
		[77, "U5_VCC", 3525, -1160, "T", "DIP", "$1N19", "", "C", 60, 60, 36, 270],
		[78, "U5_VCC", 3525, -1160, "B", "DIP", "$1N19", "", "C", 60, 60, 36, 270]
	]
}
}